Date,speed_rpm,speed_Hz,Current,Voltage,temp_mot,temp_amb,1x[Vibration],2x[Vibration],3x[Vibration],4x[Vibration],5x[Vibration],6x[Vibration],7x[Vibration],8x[Vibration],9x[Vibration],10x[Vibration],1x[Current],2x[Current],3x[Current],4x[Current],5x[Current],6x[Current],7x[Current],8x[Current],9x[Current],10x[Current],1x[Voltage],2x[Voltage],3x[Voltage],4x[Voltage],5x[Voltage],6x[Voltage],7x[Voltage],8x[Voltage],9x[Voltage],10x[Voltage],0-4k_Hz[Vibration],4k-8k_Hz[Vibration],8k-16kHz[Vibration],16k-26kHz[Vibration],0-4k_Hz[Current],4k-8k_Hz[Current],8k-16kHz[Current],16k-26kHz[Current],0-4k_Hz[Voltage],4k-8k_Hz[Voltage],8k-16kHz[Voltage],16k-26kHz[Voltage],Anomaly_Count,Anomaly,Anomaly_Details,target,score,threshold,near_anomaly
2020-12-02 17:25:03.604,7919.37547,131.989591,1.609338,2.968187,26.093293,21.739496,0.130761,0.06354,0.02562,0.094017,0.377257,0.283148,0.527924,0.275906,0.512332,0.537914,0.012903,0.018567,0.011637,0.018348,0.017035,0.421847,0.017711,0.019958,0.038373,0.025739,0.003575,0.002904,0.003451,0.003913,0.003343,0.003266,0.003218,0.003333,0.003449,0.003466,11.574512,10.251101,34.332172,19.113459,4.087496,3.148589,5.021231,5.082819,1.878607,1.839876,3.634174,4.343698,0,Normal,,0,-0.03619072460849648,-0.01344898676607953,False
2020-12-02 17:25:07.815,7968.161802,132.802697,1.784386,2.951127,26.035966,21.755127,0.129288,0.065533,0.029841,0.101551,0.325202,0.26773,0.60738,0.304155,0.529731,0.378961,0.016483,0.015742,0.019662,0.021716,0.01275,0.387692,0.014537,0.019687,0.039567,0.023676,0.004162,0.00398,0.00484,0.003721,0.004128,0.004979,0.003579,0.00464,0.004281,0.004136,10.658033,9.224476,29.91434,17.828449,3.83793,2.972374,4.929544,5.110133,1.850483,1.820347,3.600817,4.306598,0,Normal,,0,-0.0360633034558544,-0.01344898676607953,False
2020-12-02 17:25:12.211,7979.458729,132.990979,1.606156,2.966607,25.968306,21.738585,0.07686,0.06952,0.052936,0.105287,0.507781,0.272668,0.751628,0.345254,0.481192,0.259373,0.015273,0.01336,0.023098,0.01953,0.017332,0.3865,0.010073,0.016263,0.035771,0.0208,0.007623,0.006717,0.008034,0.007055,0.007496,0.007704,0.007052,0.008055,0.008949,0.007958,10.626409,8.820118,29.130281,15.828031,3.83814,2.927193,4.869216,5.119583,1.945781,1.923535,3.799816,4.528593,0,Normal,,0,-0.03543658284933948,-0.01344898676607953,False
2020-12-02 17:25:16.610,7964.340995,132.739017,1.793934,2.954286,25.977693,21.763899,0.070569,0.054715,0.048879,0.087824,0.464498,0.289855,0.880029,0.428354,0.601174,0.186761,0.02093,0.022459,0.015649,0.025615,0.020325,0.36794,0.014939,0.015957,0.039438,0.01999,0.008874,0.006538,0.005333,0.006213,0.006786,0.007091,0.007252,0.00721,0.008539,0.007035,12.14969,10.087194,31.348064,18.398607,4.422911,3.360474,5.554649,5.951284,1.946259,1.907213,3.773093,4.499607,0,Normal,,0,-0.03647270364002164,-0.01344898676607953,False
2020-12-02 17:25:21.015,7979.410686,132.990178,1.720732,2.953338,26.005912,21.763027,0.122334,0.085772,0.067268,0.057775,0.496074,0.285855,0.647718,0.290123,0.5158,0.099972,0.036665,0.038009,0.027579,0.030457,0.028035,0.37622,0.022417,0.014435,0.043794,0.029029,0.005023,0.004202,0.006635,0.005032,0.004821,0.006213,0.003605,0.004349,0.016891,0.004831,10.030826,8.562675,25.925274,16.025468,4.542497,3.367668,5.913092,6.559495,2.024858,1.986529,3.925885,4.736751,0,Normal,,0,-0.03438703395833265,-0.01344898676607953,False
2020-12-02 17:25:25.415,7975.704568,132.928409,1.832127,2.949231,26.067737,21.762996,0.136472,0.076939,0.052538,0.095734,0.521503,0.223965,0.817561,0.396654,0.438482,0.06986,0.019607,0.011591,0.016852,0.017377,0.014189,0.246076,0.014133,0.017777,0.033822,0.021101,0.010338,0.009461,0.008436,0.00842,0.010238,0.009649,0.009118,0.008325,0.008366,0.009035,10.2162,8.993856,28.395884,16.101299,3.457712,3.085626,5.349537,5.701485,1.97098,1.95009,3.866455,4.621952,0,Normal,,0,-0.032609112207724555,-0.01344898676607953,False
2020-12-02 17:25:29.816,7969.130028,132.818834,1.822578,2.948599,26.156483,21.773362,0.14751,0.057706,0.089763,0.091055,0.402236,0.342678,0.667006,0.385146,0.526586,0.098219,0.024603,0.014078,0.014908,0.014648,0.013779,0.361146,0.011598,0.015812,0.037085,0.022298,0.00347,0.003519,0.003799,0.002921,0.003185,0.003216,0.003504,0.003326,0.003622,0.006073,10.592091,8.940056,26.929741,15.3784,3.609477,2.758431,4.577272,4.873702,1.777425,1.751631,3.454698,4.125333,0,Normal,,0,-0.030362532234600614,-0.01344898676607953,False
2020-12-02 17:25:34.211,7966.855295,132.780922,1.781203,2.946704,26.250846,21.762026,0.07677,0.05544,0.098387,0.087379,0.591905,0.34436,0.87378,0.362999,0.506333,0.100508,0.017877,0.011821,0.014782,0.018289,0.015616,0.366072,0.012367,0.015479,0.037751,0.020586,0.006353,0.005486,0.006234,0.005807,0.005698,0.005687,0.006282,0.007136,0.005042,0.006295,10.827523,7.640757,22.312026,13.915931,3.324418,2.541932,4.39844,4.735271,1.756374,1.714737,3.413758,4.093601,0,Normal,,0,-0.033922976200213784,-0.01344898676607953,False
2020-12-02 17:25:38.615,7953.792402,132.563207,1.504309,2.969135,26.379676,21.769412,0.140732,0.072236,0.103558,0.102263,0.584672,0.362142,1.042987,0.37985,0.653124,0.185148,0.016338,0.0137,0.014483,0.022594,0.012654,0.374683,0.018537,0.019458,0.043571,0.021784,0.005367,0.005831,0.005328,0.004802,0.005267,0.005219,0.005203,0.005941,0.00576,0.006029,13.197979,10.631165,29.647147,17.24592,3.941913,3.092909,5.035519,5.24244,1.905296,1.858804,3.683024,4.407738,0,Normal,,0,-0.026579138264652857,-0.01344898676607953,False
2020-12-02 17:25:43.016,7916.255196,131.937587,1.704819,2.954602,26.533546,21.780892,0.104642,0.07649,0.113697,0.086893,0.453769,0.24143,0.49584,0.341923,0.585501,0.138553,0.027889,0.031446,0.017307,0.025715,0.015794,0.272685,0.019915,0.018074,0.047742,0.021576,0.008765,0.00807,0.007333,0.008441,0.007353,0.01241,0.005901,0.005306,0.00669,0.007007,10.225073,8.887262,27.611259,14.927503,4.144508,3.410973,5.862403,6.418254,1.931979,1.895241,3.797818,4.531366,0,Normal,,0,-0.020384737915219664,-0.01344898676607953,False
2020-12-02 17:25:47.452,7854.915649,130.915261,1.405646,2.97577,26.597905,21.760152,0.112803,0.066477,0.099746,0.089176,0.537782,0.440912,0.598743,0.472159,0.599719,0.107163,0.038665,0.036455,0.030604,0.029978,0.024369,0.431209,0.0258,0.026752,0.055921,0.025833,0.008485,0.008173,0.00771,0.008778,0.007148,0.006633,0.006921,0.00761,0.008478,0.007301,12.165308,12.12321,38.155448,20.83818,5.1117,3.803151,6.119,6.442138,2.031723,2.003776,3.949137,4.69492,0,Normal,,0,-0.021426083714406352,-0.01344898676607953,False
2020-12-02 17:25:51.815,7896.886823,131.61478,1.278338,2.999781,26.79254,21.752733,0.102536,0.065109,0.113428,0.093354,0.63872,0.450444,0.713539,0.469663,0.654698,0.052315,0.02109,0.015184,0.018168,0.014738,0.011985,0.457228,0.016088,0.023525,0.069181,0.028096,0.00506,0.003936,0.005472,0.005368,0.00432,0.004924,0.033431,0.005326,0.004548,0.005608,12.325953,13.3204,44.030561,24.48143,4.271949,3.239908,4.929249,4.798681,1.810513,1.749358,3.449973,4.11022,0,Normal,,0,-0.017613476005642892,-0.01344898676607953,False
2020-12-02 17:26:00.612,7875.525783,131.258763,1.306983,2.980509,27.024279,21.72349,0.150243,0.082949,0.130881,0.086392,0.593262,0.514459,0.683786,0.425539,0.513825,0.127066,0.031805,0.023342,0.025679,0.034148,0.023802,0.474427,0.019499,0.021507,0.060506,0.030673,0.005858,0.004743,0.005932,0.006519,0.005521,0.004942,0.00533,0.004223,0.005852,0.005279,12.634129,12.406847,44.616427,24.433847,4.930631,3.657968,5.746147,6.041708,1.927454,1.856205,3.688696,4.400108,0,Normal,,0,-0.0174087425698376,-0.01344898676607953,False
2020-12-02 17:26:09.411,7913.646464,131.894108,1.612521,2.961552,27.302729,21.73384,0.126734,0.085829,0.159787,0.075739,0.443348,0.372118,0.520519,0.247077,0.384729,0.180463,0.032963,0.025166,0.023481,0.023514,0.017176,0.38459,0.012412,0.021165,0.051049,0.026631,0.006396,0.0053,0.004967,0.004909,0.005536,0.029955,0.004726,0.004896,0.006136,0.005199,10.107675,9.447808,35.814265,17.144104,4.164845,3.22115,5.229167,5.418608,1.795071,1.766457,3.47849,4.140358,0,Normal,,0,-0.016419996268330683,-0.01344898676607953,False
2020-12-02 17:26:13.811,7968.065,132.801083,1.622069,2.961552,27.476094,21.701467,0.073827,0.053129,0.141844,0.078684,0.484694,0.259317,0.510297,0.220006,0.32708,0.165517,0.017453,0.014319,0.025506,0.019081,0.013618,0.35309,0.015112,0.019682,0.053018,0.024201,0.006499,0.005566,0.007247,0.006031,0.006413,0.028426,0.005226,0.005424,0.008825,0.006583,9.316262,8.071046,31.636082,20.046246,3.843599,3.019317,5.063027,5.520567,2.005157,1.976361,3.949913,4.762703,0,Normal,,0,-0.015175530198079046,-0.01344898676607953,False
2020-12-02 17:26:18.216,7900.326766,131.672113,1.580694,2.962184,27.679434,21.705165,0.162781,0.050908,0.174748,0.076484,0.431453,0.295347,0.438429,0.2683,0.263815,0.206229,0.026398,0.023776,0.038494,0.028567,0.021522,0.375756,0.0162,0.023407,0.056288,0.03099,0.003373,0.004683,0.003532,0.004094,0.002556,0.002888,0.002414,0.002396,0.002809,0.003125,9.88557,9.151497,35.79871,23.544743,4.279095,3.289049,5.40192,5.726479,1.938958,1.894411,3.738853,4.476167,0,Normal,,0,-0.023258323373952616,-0.01344898676607953,False
2020-12-02 17:26:22.616,7919.70479,131.99508,1.38655,2.973558,27.8933,21.706914,0.159968,0.067748,0.163861,0.093085,0.439421,0.275217,0.5644,0.263816,0.323392,0.223885,0.017136,0.01393,0.027537,0.021954,0.010504,0.394432,0.016542,0.019692,0.06259,0.02937,0.003924,0.003459,0.003428,0.0032,0.002145,0.00209,0.002559,0.003369,0.002579,0.00333,10.802939,9.871346,40.478808,32.684141,4.213981,3.255453,5.267505,5.441646,1.979618,1.939116,3.859554,4.572995,0,Normal,,0,-0.023199299478879887,-0.01344898676607953,False
2020-12-02 17:26:27.015,7877.662942,131.294382,1.128752,2.99283,28.102843,21.674419,0.159273,0.084497,0.181514,0.096696,0.558624,0.294888,0.665889,0.317477,0.274415,0.27162,0.047849,0.042989,0.057171,0.050179,0.024088,0.458232,0.037718,0.018065,0.079836,0.051021,0.007199,0.007909,0.007544,0.009237,0.005983,0.037654,0.00794,0.006894,0.008888,0.0086,13.289559,12.608988,52.480042,32.783936,5.350131,3.957961,6.100785,6.535419,2.105543,2.047779,4.018068,4.809521,0,Normal,,0,-0.02517651560276657,-0.01344898676607953,False
2020-12-02 17:26:31.552,7897.521143,131.625352,1.879867,2.944492,28.359458,21.686719,0.10748,0.067523,0.192002,0.083132,0.405076,0.1905,0.475279,0.232859,0.110168,0.247674,0.061195,0.054618,0.063898,0.060929,0.038258,0.33995,0.038466,0.019166,0.072094,0.046694,0.008822,0.007391,0.010495,0.008074,0.007792,0.02959,0.007753,0.005726,0.011392,0.006721,10.161116,9.576994,38.663555,22.281251,5.029639,3.795902,6.423194,7.020114,1.944306,1.832205,3.67048,4.397709,0,Normal,,0,-0.025379566994781944,-0.01344898676607953,False
2020-12-02 17:26:36.034,7875.482654,131.258044,1.361088,2.979245,28.588609,21.701014,0.141557,0.078002,0.145991,0.060724,0.39063,0.191829,0.402644,0.196897,0.034581,0.228181,0.059344,0.053899,0.058133,0.046991,0.02965,0.351535,0.03715,0.016598,0.061261,0.040495,0.009068,0.007015,0.009216,0.007207,0.008101,0.03018,0.007737,0.005701,0.010479,0.007509,9.43841,8.830836,34.354207,23.896031,5.514318,4.208683,7.332035,8.174437,2.185655,2.150988,4.225881,5.109437,0,Normal,,0,-0.014788466555597513,-0.01344898676607953,False
2020-12-02 17:26:44.847,7906.91808,131.781968,1.383367,2.971346,28.986938,21.696732,0.081955,0.049571,0.153346,0.062204,0.3622,0.218048,0.356639,0.15849,0.181283,0.250484,0.021938,0.020453,0.028848,0.02593,0.015422,0.356355,0.019206,0.019109,0.05606,0.026274,0.008296,0.008178,0.008267,0.008123,0.007936,0.009362,0.008839,0.006799,0.008289,0.007505,8.847792,8.43622,33.77894,20.502168,4.311347,3.360215,5.71801,6.161546,1.965176,1.932182,3.834789,4.571981,0,Normal,,0,-0.017933206310342453,-0.01344898676607953,False
2020-12-02 17:26:49.211,7881.838808,131.36398,1.418377,2.974822,29.203753,21.703168,0.135204,0.079481,0.227775,0.069267,0.410167,0.278483,0.369826,0.193905,0.307884,0.263246,0.028892,0.031397,0.034382,0.027769,0.026098,0.441024,0.017224,0.015801,0.067606,0.028225,0.00537,0.004881,0.004126,0.004632,0.005965,0.005145,0.005391,0.005143,0.005463,0.004851,10.996297,11.124036,48.465647,23.819841,5.073796,3.850758,6.232092,6.741431,2.173952,2.071674,4.147223,5.027178,0,Normal,,0,-0.015465801301930315,-0.01344898676607953,False
2020-12-02 17:26:53.612,7957.951196,132.63252,1.628434,2.959025,29.396906,21.707998,0.115617,0.087139,0.221221,0.052031,0.176807,0.159515,0.204179,0.183927,0.258218,0.104297,0.0253,0.030499,0.028344,0.023761,0.015057,0.268799,0.017087,0.011919,0.039786,0.016496,0.004469,0.004219,0.005239,0.004866,0.004405,0.003295,0.004052,0.004289,0.004171,0.003898,7.623323,6.624065,25.348512,13.863493,3.930141,3.158158,5.590103,6.202687,2.119769,2.062647,4.110958,4.946056,0,Normal,,0,-0.014397564240062888,-0.01344898676607953,False
2020-12-02 17:26:58.013,7967.046504,132.784108,1.408829,2.972926,29.602438,21.715345,0.163685,0.075771,0.21598,0.068814,0.333092,0.255852,0.17262,0.233749,0.413724,0.171537,0.01957,0.02205,0.035685,0.024825,0.015245,0.427613,0.020786,0.01236,0.060796,0.020943,0.008548,0.008191,0.007762,0.007607,0.006309,0.006105,0.007098,0.00975,0.006554,0.007026,10.600769,9.216897,39.902977,21.01907,4.771163,3.601509,6.034868,6.428765,2.064122,1.997254,3.970553,4.725407,0,Normal,,0,-0.016562983155617883,-0.01344898676607953,False
2020-12-02 17:27:02.417,7829.8585,130.497642,1.364271,2.973242,29.678029,21.683537,0.172874,0.049488,0.198528,0.047904,0.304622,0.234744,0.168927,0.222783,0.397015,0.167204,0.055177,0.045623,0.046423,0.030887,0.024384,0.374687,0.039195,0.025378,0.072565,0.0221,0.008233,0.009473,0.007882,0.00782,0.006982,0.032846,0.007576,0.007915,0.010186,0.007472,11.519551,10.352231,42.401229,21.726762,5.516371,4.115,6.924883,7.638146,2.272874,2.225508,4.42661,5.287559,0,Normal,,0,-0.02169678261791741,-0.01344898676607953,False
2020-12-02 17:27:06.816,7865.331823,131.088864,1.88305,2.975454,29.811679,21.706506,0.178485,0.097908,0.247618,0.0654,0.356405,0.346509,0.29915,0.327674,0.480631,0.079407,0.077345,0.055211,0.045582,0.031604,0.024683,0.404715,0.045267,0.027068,0.067455,0.014811,0.009041,0.008268,0.007683,0.008392,0.005948,0.044223,0.007694,0.007755,0.008992,0.006935,15.548714,13.886605,57.604723,26.205797,6.986128,4.745899,7.868039,8.617911,2.290717,2.202131,4.360263,5.220845,0,Normal,,0,-0.018393142982761068,-0.01344898676607953,False
2020-12-02 17:27:11.218,7907.491647,131.791527,1.402463,2.91669,29.905436,21.69929,0.092131,0.047469,0.169592,0.03722,0.222279,0.221599,0.255805,0.187966,0.373914,0.091335,0.054269,0.049836,0.051145,0.031268,0.023067,0.366702,0.030227,0.022454,0.068892,0.020995,0.007437,0.007754,0.006739,0.006879,0.006179,0.028567,0.00702,0.006143,0.007657,0.006748,10.45366,9.729074,40.097021,27.008427,4.629434,3.386508,5.657958,6.015729,1.921334,1.879732,3.72573,4.417331,0,Normal,,0,-0.017000061587819415,-0.01344898676607953,False
2020-12-02 17:27:15.612,7931.885221,132.198087,1.723915,2.952074,29.96112,21.672954,0.165199,0.039326,0.208258,0.028446,0.218891,0.185899,0.316617,0.12488,0.304766,0.093645,0.022863,0.017195,0.050949,0.017715,0.0204,0.297725,0.01645,0.012999,0.06456,0.023424,0.006693,0.007018,0.006431,0.007052,0.006134,0.005548,0.006,0.005381,0.005808,0.006593,10.129972,8.236263,32.459854,24.046065,4.089358,3.183847,5.438011,5.87697,1.989085,1.952686,3.875132,4.610052,0,Normal,,0,-0.019110250973307763,-0.01344898676607953,False
2020-12-02 17:27:20.013,7911.059418,131.85099,1.370636,2.976085,30.116336,21.655585,0.087759,0.054447,0.163438,0.026402,0.208798,0.269187,0.418799,0.14186,0.330494,0.07146,0.021272,0.020575,0.04213,0.024951,0.019422,0.386658,0.014346,0.015418,0.078271,0.024725,0.007534,0.007906,0.00691,0.005561,0.004882,0.00597,0.006104,0.005178,0.005756,0.00543,12.239769,10.229113,48.195806,34.747719,4.600135,3.489987,5.731089,5.990982,1.915588,1.860742,3.665339,4.382437,0,Normal,,0,-0.017279621443182736,-0.01344898676607953,False
2020-12-02 17:27:24.413,7837.981102,130.633018,1.844857,2.944176,30.264273,21.648644,0.173703,0.052904,0.175856,0.024805,0.190927,0.227842,0.400272,0.116693,0.248826,0.043445,0.036182,0.031774,0.052464,0.024502,0.033828,0.351383,0.018895,0.024877,0.062264,0.023455,0.009095,0.007673,0.00967,0.007451,0.009391,0.030858,0.009718,0.007713,0.01085,0.007562,12.03442,9.417065,42.571848,30.018796,4.815884,3.683215,6.146988,6.679114,2.082962,2.040156,4.038354,4.838444,0,Normal,,0,-0.015820760677952683,-0.01344898676607953,False
2020-12-02 17:27:50.819,7867.752848,131.129214,1.262425,2.985879,31.358949,21.672759,0.136368,0.08881,0.102849,0.016657,0.163683,0.281221,0.288193,0.141823,0.37414,0.348366,0.075652,0.072563,0.075188,0.045608,0.059222,0.386184,0.03178,0.038253,0.079827,0.03511,0.010802,0.010515,0.012338,0.009473,0.010076,0.030471,0.007417,0.009196,0.012112,0.008457,10.096438,8.899594,37.339495,24.540234,5.751066,3.868775,7.099469,7.779768,2.190268,2.095028,4.222597,5.021977,0,Normal,,0,-0.01348390688621326,-0.01344898676607953,False
2020-12-02 17:28:17.219,7891.20051,131.520008,1.278338,2.979877,32.204263,21.67353,0.125466,0.085162,0.084576,0.038014,0.360851,0.069833,0.679484,0.092262,0.567386,0.154894,0.024782,0.017937,0.033512,0.019937,0.015575,0.414231,0.015533,0.026132,0.068934,0.024977,0.005255,0.005666,0.005585,0.005209,0.005993,0.005256,0.006102,0.004439,0.005074,0.005495,11.982161,9.589461,46.396851,28.462983,4.699925,3.64171,6.044109,6.579653,2.114052,2.059189,4.136745,4.989066,0,Normal,,0,-0.014402830587530668,-0.01344898676607953,False
2020-12-02 17:29:27.619,7918.799121,131.979985,1.265608,2.98114,34.015032,21.769434,0.110261,0.078622,0.181655,0.069656,0.110152,0.28385,0.575802,0.468548,0.174942,0.517202,0.048757,0.043334,0.046244,0.034985,0.037352,0.412173,0.030562,0.026475,0.051623,0.032457,0.010705,0.011082,0.008505,0.008803,0.008659,0.010542,0.008217,0.009609,0.00958,0.007587,10.48496,10.669614,51.058683,38.804065,5.474733,4.279398,7.160943,7.983555,2.125634,2.098018,4.127239,4.937084,0,Normal,,0,-0.019265099186888457,-0.01344898676607953,False
2020-12-02 17:29:32.020,7960.39604,132.673267,1.784386,2.946388,34.085432,21.735248,0.172512,0.106517,0.140218,0.065267,0.157102,0.284142,0.473387,0.515234,0.131591,0.458972,0.021562,0.017107,0.020823,0.015468,0.015978,0.362894,0.010099,0.018555,0.04476,0.015813,0.00334,0.002907,0.002465,0.002125,0.002476,0.002632,0.002984,0.003798,0.003481,0.00275,9.509352,7.791302,34.013206,21.83865,3.756298,2.887027,4.847217,5.205992,1.94664,1.91125,3.769617,4.517941,0,Normal,,0,-0.017705560394222886,-0.01344898676607953,False
2020-12-02 17:37:36.042,10099.25962,168.320994,2.510039,4.884333,40.631084,21.930338,3.02691,1.253113,2.844865,3.225378,4.50165,1.379586,2.512448,0.412015,1.774079,2.314709,0.444601,0.455962,0.724822,0.275432,0.298281,1.059377,0.201695,0.141873,0.173924,0.152326,0.041937,0.040614,0.068678,0.033011,0.032197,0.088239,0.029727,0.020391,0.025462,0.024542,56.84958,34.823781,66.46733,69.91746,23.439981,11.960449,19.211592,21.719119,5.085951,4.716552,9.324242,11.083012,0,Normal,,0,-0.01447085709279794,-0.01344898676607953,False
2020-12-02 17:37:40.427,10098.274132,168.304569,2.643712,4.87833,41.146048,21.936542,3.587656,1.195764,3.818029,3.055595,4.488532,1.927102,2.133232,1.61606,2.339943,3.987184,0.497069,0.435191,0.79534,0.392687,0.267393,1.158239,0.24263,0.213143,0.204084,0.173927,0.046266,0.03667,0.073362,0.03578,0.0228,0.094871,0.024244,0.025087,0.027327,0.023431,66.464629,36.428825,68.951358,68.65615,21.635235,11.742243,17.769068,19.517588,4.776031,4.447426,8.75694,10.379723,0,Normal,,0,-0.018536091714244085,-0.01344898676607953,False
2020-12-02 17:37:44.820,10181.701523,169.695025,2.34454,4.896022,41.684726,21.933066,1.978878,0.737386,3.670286,3.017115,5.491112,2.304013,1.537335,1.030566,2.435167,1.886176,0.38047,0.369411,0.437293,0.229058,0.200309,0.720404,0.218329,0.201744,0.12805,0.191288,0.038227,0.037391,0.040793,0.026292,0.02219,0.059715,0.024273,0.025327,0.024359,0.023951,54.180905,27.448031,57.135557,59.901664,17.554011,10.198109,16.003265,17.896067,4.268105,4.028853,7.854422,9.389577,0,Normal,,0,-0.021891920987365476,-0.01344898676607953,False
2020-12-02 17:37:49.228,10206.149094,170.102485,2.538684,4.882437,42.267935,21.918939,3.952342,0.923531,4.204205,3.370373,4.64758,0.666011,2.306099,0.813313,3.328056,2.13287,0.218195,0.249635,0.22109,0.175158,0.131943,1.036781,0.103521,0.108667,0.144761,0.09445,0.02691,0.032391,0.028616,0.025145,0.021684,0.086256,0.021869,0.025274,0.024713,0.017742,60.229391,23.703704,58.160622,60.325875,13.153266,9.46977,14.582358,15.846193,4.05808,3.877585,7.613267,9.196095,0,Normal,,0,-0.023380234779793674,-0.01344898676607953,False
2020-12-02 17:37:53.629,10215.98677,170.266446,2.44002,4.90708,42.84653,21.94694,4.002301,0.828436,4.218585,3.957797,4.366646,1.376085,1.569261,0.660401,3.787617,1.819661,0.260639,0.138541,0.283623,0.143635,0.138647,0.866972,0.130653,0.081154,0.224721,0.078536,0.028646,0.020944,0.028434,0.022033,0.021544,0.071492,0.022879,0.020063,0.022356,0.016417,60.827621,22.212837,54.313963,62.98316,12.232563,8.438492,13.445134,14.477709,3.878573,3.765302,7.40545,8.805496,0,Normal,,0,-0.02702252937660099,-0.01344898676607953,False
2020-12-02 17:37:58.022,10194.361121,169.906019,2.618251,4.87991,43.483706,21.954647,3.705261,0.79854,3.565565,1.983166,4.698224,1.466261,0.868885,1.874931,2.260184,1.956895,0.11554,0.117185,0.189399,0.092218,0.085245,0.755497,0.05267,0.069759,0.104911,0.060625,0.016479,0.016256,0.017003,0.01581,0.016965,0.015521,0.014299,0.013305,0.014429,0.015274,53.041385,16.982573,45.365701,54.5667,9.904176,7.870918,13.224892,14.75018,3.610518,3.550889,6.844785,8.278953,0,Normal,,0,-0.025738297971115598,-0.01344898676607953,False
2020-12-02 17:38:02.535,10148.49604,169.141601,2.395463,4.924773,44.118248,21.922296,2.88464,0.528773,4.764156,2.016051,4.142151,1.448011,1.129246,1.653608,2.093306,1.952238,0.065934,0.056416,0.062613,0.064148,0.064099,0.648542,0.071593,0.053398,0.042126,0.076136,0.015608,0.01461,0.01234,0.014492,0.014024,0.052099,0.014493,0.01322,0.011785,0.016346,49.13898,16.52272,34.100121,47.533523,7.544847,6.3905,10.205418,11.151518,3.200268,3.138129,6.153624,7.395405,0,Normal,,0,-0.03622937401560966,-0.01344898676607953,False
2020-12-02 17:38:06.825,10165.505713,169.425095,2.611886,4.877698,44.740443,21.950098,4.063638,0.528893,4.980016,3.0084,4.69106,1.26403,1.53844,1.113228,2.918166,1.962273,0.077138,0.068312,0.09867,0.133099,0.077752,0.846835,0.114071,0.092319,0.188873,0.141124,0.012365,0.013181,0.015878,0.017201,0.013999,0.066437,0.016011,0.013588,0.019828,0.017346,58.909511,19.522653,50.413448,66.429637,9.130059,7.495874,10.350457,10.651474,3.07427,3.038477,6.073966,7.144668,0,Normal,,0,-0.044904965981891753,-0.01344898676607953,False
2020-12-02 17:38:11.231,10142.367363,169.039456,2.675539,4.872959,45.331056,21.950439,4.128364,0.721009,5.428307,2.977664,5.438032,2.07631,1.054367,1.642998,3.485848,2.962434,0.156555,0.1717,0.138231,0.153461,0.099611,1.031739,0.149219,0.121489,0.174021,0.115143,0.018114,0.021247,0.021514,0.020122,0.013186,0.082908,0.0196,0.016808,0.016301,0.017971,68.764404,24.736853,55.953161,67.477026,11.146618,7.923316,11.999255,13.19108,3.70133,3.5368,6.862392,8.128372,0,Normal,,0,-0.0456846406587027,-0.01344898676607953,False
2020-12-02 17:38:15.626,10093.542071,168.225701,2.981078,4.820198,45.960612,21.949375,2.72716,0.444104,5.195907,3.507748,5.240303,1.934516,1.478594,0.660773,2.553664,2.142871,0.15388,0.158116,0.1325,0.13183,0.131538,0.962183,0.102003,0.183303,0.202319,0.171994,0.017973,0.018073,0.016604,0.016156,0.017471,0.072597,0.014229,0.01976,0.020588,0.019049,60.754939,24.633208,47.732827,60.247708,10.547256,7.166029,10.036336,10.294204,3.119715,2.927156,5.837257,6.909165,0,Normal,,0,-0.05483887770766205,-0.01344898676607953,False
2020-12-02 17:38:20.020,10096.176087,168.269601,2.729645,4.862217,46.55187,21.941314,3.228274,0.636703,3.415063,1.130613,4.184716,1.501847,0.709142,0.864656,1.749763,1.699316,0.119321,0.123677,0.099833,0.118555,0.097318,0.724731,0.062553,0.096156,0.095814,0.082544,0.019513,0.019053,0.019724,0.019614,0.016875,0.057832,0.015301,0.016832,0.017779,0.015984,47.420283,17.35589,37.388718,51.222479,8.639156,6.158883,10.378935,11.56389,3.4876,3.376838,6.586036,7.966403,0,Normal,,0,-0.05353919976496835,-0.01344898676607953,False
2020-12-02 17:38:24.427,10078.784059,167.979734,3.022453,4.844209,47.171705,21.950495,2.738178,0.348787,4.783461,4.226191,4.905631,1.059629,1.230442,1.380734,2.933913,2.466147,0.084673,0.087877,0.07879,0.104073,0.054037,0.893927,0.088751,0.081105,0.134901,0.114737,0.016043,0.019733,0.016964,0.017084,0.016501,0.072274,0.01653,0.014566,0.018597,0.016494,61.778014,24.006229,49.300359,67.161521,9.908256,7.782039,12.081625,13.064564,3.511213,3.359053,6.745161,8.087562,0,Normal,,0,-0.05193217635369907,-0.01344898676607953,False
2020-12-02 17:38:28.827,10096.337159,168.272286,2.745559,4.865061,47.794081,21.957385,3.95173,0.488593,5.596594,2.206286,5.17706,1.42175,0.872075,0.898371,2.626722,1.93896,0.085636,0.143009,0.120325,0.114443,0.078396,0.851642,0.085604,0.132251,0.197847,0.148166,0.014365,0.015854,0.013406,0.015294,0.013533,0.070407,0.01417,0.017928,0.017112,0.013415,59.801958,22.645968,46.846777,66.356362,9.868517,7.864658,11.433484,12.09381,3.228826,3.165409,6.217372,7.447843,0,Normal,,0,-0.057682472130080154,-0.01344898676607953,False
2020-12-02 17:38:33.221,10033.237377,167.220623,2.124934,4.909608,48.331423,21.943835,3.812673,0.230458,3.123798,3.802261,5.558167,1.657796,0.795941,1.035152,3.411902,2.77899,0.135716,0.11958,0.148823,0.115959,0.090379,0.925357,0.077981,0.065074,0.250274,0.096327,0.017544,0.017495,0.01333,0.017301,0.014036,0.072615,0.014816,0.016379,0.019372,0.016161,64.034314,25.934919,55.920032,70.126272,10.527266,7.74998,11.721785,12.280523,3.186794,3.065458,6.029001,7.240603,0,Normal,,0,-0.0383089614565727,-0.01344898676607953,False
2020-12-02 17:38:37.625,10002.644833,166.710747,2.646895,4.874539,48.908502,21.93527,3.109108,0.692278,6.435142,2.147575,5.737536,2.023645,1.135573,1.382209,2.231507,2.579612,0.155722,0.15551,0.239652,0.118219,0.101545,1.124087,0.101791,0.134613,0.30335,0.113392,0.02353,0.018781,0.024765,0.017175,0.017397,0.09183,0.018852,0.020029,0.025628,0.016513,63.579729,27.851067,66.238509,75.589572,12.957585,8.791359,13.793257,14.891202,3.782275,3.629183,7.235016,8.623105,0,Normal,,0,-0.036807452040231725,-0.01344898676607953,False
2020-12-02 17:38:42.023,9971.562202,166.192703,2.121751,4.910871,49.516261,21.977905,3.849314,0.297787,4.339377,2.496492,2.679313,1.217747,0.887226,0.701428,2.013756,1.356743,0.052782,0.037484,0.070094,0.069586,0.037845,0.485417,0.049649,0.053787,0.134545,0.069038,0.013354,0.012317,0.013378,0.014656,0.011249,0.039908,0.011287,0.01231,0.017191,0.012297,47.42627,17.479589,34.55702,45.334337,6.640999,5.643795,9.194163,9.669255,2.738796,2.632623,5.261575,6.241756,0,Normal,,0,-0.03420321795387071,-0.01344898676607953,False
2020-12-02 17:38:46.424,10026.009375,167.100156,2.328626,4.893811,50.076577,21.950854,2.641023,0.296792,3.789999,3.540923,5.720697,1.65884,1.412736,0.84516,3.687552,2.817244,0.095744,0.110437,0.083597,0.063653,0.063707,0.964537,0.051751,0.077688,0.142354,0.054825,0.014533,0.017287,0.016363,0.014031,0.012891,0.075901,0.012151,0.012899,0.015975,0.01239,63.120786,27.179809,50.29878,65.925542,9.018983,6.906984,10.415296,10.847792,2.939412,2.856936,5.645623,6.711209,0,Normal,,0,-0.018499139703753498,-0.01344898676607953,False
2020-12-02 17:38:50.832,9983.700407,166.395007,2.637347,4.87675,50.682379,21.958386,3.795696,0.226949,5.802479,3.206386,5.257013,1.462413,0.949807,0.857503,2.918841,2.560644,0.07614,0.088053,0.079602,0.098365,0.059622,1.00012,0.068213,0.099137,0.153688,0.116455,0.013243,0.013003,0.012501,0.012722,0.012606,0.02018,0.011012,0.009868,0.01145,0.012316,65.850638,26.286041,60.523302,67.253821,9.839056,7.442659,10.604548,10.802434,2.935102,2.80598,5.46087,6.425576,0,Normal,,0,-0.01847755756604519,-0.01344898676607953,False
2020-12-02 17:38:55.224,9927.027871,165.450465,2.287251,4.895707,51.299059,21.962174,3.222215,0.416831,4.645415,4.516134,6.098885,1.47951,0.981117,0.523378,3.493144,2.976253,0.120571,0.102531,0.135474,0.136525,0.084828,1.115199,0.105053,0.075609,0.230682,0.142115,0.016392,0.015971,0.018018,0.019224,0.013925,0.085324,0.01304,0.011156,0.022436,0.01799,69.432004,30.238169,67.0189,78.164316,10.552466,7.52517,10.646367,11.056397,2.990601,2.848301,5.604888,6.69196,0,Normal,,0,-0.016150654815463628,-0.01344898676607953,False
2020-12-02 17:38:59.621,9930.0,165.5,2.777385,4.866956,51.915777,21.97293,4.199555,0.591645,4.06266,3.24803,6.41103,2.576769,2.490743,1.223337,3.442802,3.23063,0.115502,0.121069,0.103755,0.074786,0.064999,0.953833,0.06292,0.058227,0.159665,0.049808,0.018183,0.017043,0.017535,0.014251,0.012363,0.076991,0.013763,0.015557,0.017598,0.012312,76.391939,27.384224,63.792833,73.514624,9.619219,7.042643,10.605962,11.247719,3.145055,3.050191,5.95263,7.195289,0,Normal,,0,-0.025489964883452454,-0.01344898676607953,False
2020-12-02 17:39:04.026,9939.259094,165.654318,2.942885,4.857478,52.423128,21.953191,3.785174,0.200345,4.531611,3.994139,3.829346,1.049523,0.807587,0.653413,1.958932,2.254401,0.03875,0.062641,0.066244,0.066231,0.040246,0.853557,0.041485,0.065628,0.121288,0.056487,0.012726,0.012853,0.01378,0.013557,0.010229,0.067796,0.010465,0.014141,0.015759,0.011891,63.593166,25.061084,57.952062,75.316917,8.931575,6.980603,10.535828,11.113971,2.960419,2.921185,5.635805,6.765287,0,Normal,,0,-0.02413769209301475,-0.01344898676607953,False
2020-12-02 17:39:08.422,9865.4037,164.423395,3.152943,4.840418,52.947217,21.970749,3.845937,0.336948,4.564686,3.715307,5.083706,1.44745,0.890782,0.558568,1.898864,2.183852,0.122687,0.118211,0.126643,0.12267,0.07194,0.879024,0.066396,0.062531,0.160924,0.104835,0.017616,0.017752,0.017662,0.016706,0.01455,0.07096,0.011121,0.012944,0.018266,0.016227,67.95946,28.034721,66.920457,70.703149,10.338217,7.577265,11.412284,12.122887,3.15917,3.015938,5.948752,7.039665,0,Normal,,0,-0.02961995094610781,-0.01344898676607953,False
2020-12-02 17:39:12.821,9848.388217,164.139804,2.233145,4.902025,53.414082,21.973802,3.118497,0.574927,3.14655,2.187038,4.981667,2.157619,1.938131,1.19939,2.453029,2.254995,0.132862,0.121705,0.109989,0.091976,0.074419,0.719421,0.062666,0.05915,0.173812,0.078566,0.021843,0.020653,0.020669,0.020457,0.015151,0.061681,0.016273,0.014137,0.019529,0.017877,60.502007,21.786129,48.754286,57.009062,9.532721,7.34316,12.146623,13.30334,3.497905,3.4032,6.71492,7.964666,0,Normal,,0,-0.031366186995652856,-0.01344898676607953,False
2020-12-02 17:39:17.227,9856.968877,164.282815,2.589607,4.880542,53.892969,21.984908,4.070626,0.682231,4.203457,2.783143,5.921292,1.835825,2.15387,1.324765,2.892421,2.352675,0.1333,0.118588,0.172634,0.111915,0.111768,0.954797,0.097404,0.057978,0.279259,0.070445,0.016893,0.017837,0.019665,0.017395,0.01519,0.073311,0.013806,0.015642,0.023496,0.015126,69.400549,26.385068,59.135245,62.92482,9.779071,6.979843,10.459965,11.079358,3.110338,3.02285,5.890692,7.102478,0,Normal,,0,-0.022380730454704234,-0.01344898676607953,False
2020-12-02 17:39:21.621,9827.994432,163.799907,3.028818,4.847368,54.334696,21.975787,3.850901,0.567619,4.064363,2.137069,4.995161,1.561538,1.835844,1.571627,2.483,2.121844,0.153771,0.144619,0.175558,0.115181,0.102444,0.822782,0.078011,0.068653,0.221465,0.063219,0.01935,0.019186,0.020598,0.014897,0.01518,0.062435,0.014223,0.013633,0.023243,0.013175,71.625216,27.875094,58.87898,62.308081,9.763331,6.876657,10.471946,10.838944,3.00006,2.863184,5.678281,6.731607,0,Normal,,0,-0.03060838284856049,-0.01344898676607953,False
2020-12-02 17:39:26.027,9825.880477,163.764675,2.443203,4.888756,54.836413,21.961125,3.786937,0.876856,5.169371,3.167599,6.449346,1.323518,2.128218,1.392716,2.922359,2.072433,0.110983,0.123118,0.15525,0.109173,0.076469,1.144669,0.089101,0.083057,0.233313,0.095331,0.017608,0.016314,0.021524,0.016021,0.014026,0.085894,0.013786,0.013068,0.02235,0.015424,76.671181,30.845713,76.348725,73.326093,11.253363,7.48215,10.820414,11.343304,3.157308,2.950204,5.860742,7.065909,0,Normal,,0,-0.04108708059071775,-0.01344898676607953,False
2020-12-02 17:39:30.482,9749.9209,162.498682,2.993808,4.848948,55.382033,21.986543,3.436053,0.880445,5.164874,3.088418,6.373031,1.597683,2.276631,1.618595,2.151004,1.948263,0.138954,0.103258,0.11303,0.092626,0.082734,0.86635,0.061929,0.048975,0.198319,0.067972,0.021401,0.017555,0.017634,0.016957,0.015195,0.071345,0.013509,0.012685,0.022235,0.015782,81.217701,31.650551,84.747834,74.367504,11.429403,7.805769,11.733638,12.347693,3.406472,3.152209,6.23283,7.421538,0,Normal,,0,-0.045780111080657604,-0.01344898676607953,False
2020-12-02 17:39:34.822,9809.478289,163.491305,2.802847,4.870432,55.843045,21.970723,2.900261,0.812624,4.384966,2.384015,5.587065,1.156008,2.126367,1.431973,2.808142,1.835341,0.051436,0.06399,0.0746,0.078622,0.042185,0.957896,0.062683,0.059382,0.181634,0.074846,0.009013,0.007197,0.00927,0.00793,0.007342,0.008862,0.009079,0.006531,0.008177,0.006471,68.66271,28.186466,65.237418,74.722336,9.139501,6.911013,10.153907,10.495117,2.921327,2.821878,5.527707,6.640821,0,Normal,,0,-0.04592409686144616,-0.01344898676607953,False
2020-12-02 17:39:39.308,9760.017103,162.666952,2.42729,4.894443,56.326376,21.983156,3.169161,0.998865,4.927218,1.867666,5.791248,1.455653,2.029575,1.89701,2.658178,1.099706,0.156132,0.156628,0.127285,0.120715,0.097691,0.938085,0.065324,0.057142,0.128827,0.043188,0.019318,0.018571,0.016401,0.015149,0.01349,0.074656,0.013878,0.012909,0.014529,0.010839,81.974255,37.44203,78.297503,82.37544,11.8108,8.002852,11.804192,12.688233,3.428209,3.229334,6.317622,7.410638,0,Normal,,0,-0.04783449934618911,-0.01344898676607953,False
2020-12-02 17:39:43.627,9740.65882,162.344314,2.831491,4.864745,56.768849,21.977041,3.632388,1.18969,5.631388,2.171258,6.763652,1.353102,1.985512,1.949104,2.52835,0.849983,0.185902,0.168776,0.187272,0.191945,0.140128,0.990849,0.08782,0.079085,0.13151,0.068516,0.026211,0.020841,0.025371,0.023217,0.019562,0.094575,0.020029,0.015921,0.023568,0.016569,83.536088,37.565892,75.337954,82.245914,13.342106,8.852739,13.781851,15.017154,3.631185,3.457409,6.848327,8.076307,0,Normal,,0,-0.04751663470210821,-0.01344898676607953,False
2020-12-02 17:39:48.021,9691.505949,161.525099,2.054915,4.913715,57.144022,21.962849,3.303638,0.939475,4.764724,2.049511,4.784733,1.775239,1.816089,1.80385,2.224382,1.48165,0.149538,0.161933,0.12726,0.101469,0.126789,1.024397,0.08716,0.07933,0.171409,0.077462,0.021552,0.021629,0.021493,0.016873,0.022806,0.085943,0.014505,0.016444,0.015943,0.013831,80.202498,34.910316,80.712658,89.392511,12.916941,9.069754,14.188488,15.80521,3.760676,3.647179,7.14641,8.585834,0,Normal,,0,-0.0454590457216526,-0.01344898676607953,False
2020-12-02 17:39:52.432,9691.914525,161.531909,2.675539,4.874223,57.525751,21.979882,3.261017,0.948263,4.320517,1.957724,4.967868,1.180322,1.368674,1.714086,1.731817,0.871836,0.134813,0.121814,0.151224,0.106972,0.073867,1.003698,0.054124,0.062345,0.175641,0.087238,0.021363,0.020144,0.02306,0.020733,0.015653,0.06117,0.016427,0.015269,0.016306,0.016705,66.177603,31.735579,72.065413,81.852803,11.961579,8.557158,13.658017,15.061148,3.720748,3.645359,7.183925,8.578065,0,Normal,,0,-0.030493670639847203,-0.01344898676607953,False
2020-12-02 17:39:56.823,9738.35447,162.305908,2.627799,4.878014,57.956778,21.988231,3.910422,0.953488,4.65655,1.781026,5.11311,1.303011,1.691923,1.799529,2.152287,0.716155,0.12151,0.119777,0.155819,0.092492,0.08492,0.873596,0.07672,0.08575,0.173158,0.065188,0.018359,0.019196,0.021295,0.017696,0.019918,0.076239,0.017157,0.016835,0.02413,0.014225,74.212853,31.946112,69.962976,78.366223,11.762154,8.490579,13.345265,14.905744,3.68407,3.570229,7.059387,8.371527,0,Normal,,0,-0.03858366147235048,-0.01344898676607953,False
2020-12-02 17:40:01.227,9700.38584,161.673097,2.490943,4.884965,58.320706,21.964257,3.385246,1.236401,5.108791,1.494516,4.467088,1.03653,1.627649,1.924986,1.890992,1.057161,0.128443,0.126797,0.160418,0.099238,0.090211,0.98417,0.092188,0.072589,0.121233,0.051872,0.019925,0.019445,0.020012,0.016546,0.019383,0.077399,0.018127,0.016248,0.01801,0.014101,76.860362,31.150194,66.917987,88.270849,12.727479,8.943151,14.678242,16.29404,3.962314,3.854049,7.541831,8.956361,0,Normal,,0,-0.03865758791823659,-0.01344898676607953,False
2020-12-02 17:40:05.627,9679.894798,161.33158,2.22678,4.901393,58.789677,22.018541,3.354279,2.659137,4.614734,3.069196,6.557646,3.557349,2.965177,5.012917,3.006747,4.400159,0.136217,0.122775,0.089388,0.087995,0.07765,0.861019,0.130122,0.116469,0.245953,0.089052,0.022493,0.020652,0.020405,0.015489,0.018925,0.068529,0.01781,0.015755,0.024975,0.019141,247.72652,152.875224,192.392821,297.782536,11.826932,8.572891,13.544886,14.990104,3.799027,3.671457,7.272787,8.756788,0,Normal,,0,-0.043622408803984936,-0.01344898676607953,False
2020-12-02 17:40:10.028,9668.529635,161.142161,2.904693,4.859058,59.151938,21.973848,3.966189,2.65415,4.747497,2.908476,5.441801,2.453629,2.434794,3.424192,2.400224,2.498141,0.072076,0.069384,0.089731,0.056379,0.052567,0.856334,0.061855,0.068847,0.225228,0.070172,0.016473,0.013909,0.014379,0.013185,0.014675,0.071817,0.017932,0.014514,0.01877,0.012802,175.267752,86.845055,126.203077,125.702062,9.916689,7.675391,12.2621,13.392722,3.432241,3.338464,6.543498,7.816599,0,Normal,,0,-0.04267952730951663,-0.01344898676607953,False
2020-12-02 17:40:14.428,9652.520533,160.875342,2.946068,4.85116,59.528282,22.00545,3.958172,2.794119,3.845586,2.793124,5.572639,2.886047,2.561349,4.296504,2.991622,3.516304,0.090588,0.123079,0.060627,0.857455,0.04908,0.227394,0.050232,0.624742,0.044774,0.269503,0.01303,0.014429,0.016018,0.016977,0.014102,0.063078,0.012981,0.013706,0.017352,0.01301,216.437966,127.660344,182.881411,242.704724,10.172836,7.544834,12.118993,13.228081,3.36856,3.277913,6.413652,7.606116,0,Normal,,0,-0.04379704765986969,-0.01344898676607953,False
2020-12-02 17:40:18.823,9622.693626,160.378227,3.133847,4.840102,59.911152,21.971817,4.473014,3.904466,4.488259,4.534732,8.255655,5.189717,4.967214,6.804772,4.627571,6.210539,0.058046,0.070072,0.119847,0.076989,0.039022,0.99099,0.071622,0.081776,0.266779,0.076546,0.013657,0.016419,0.014531,0.01553,0.013421,0.012822,0.014462,0.021953,0.01386,0.015276,256.475774,137.177776,181.648048,179.226941,10.649804,7.928988,11.55494,12.451812,3.412008,3.239415,6.432731,7.712568,0,Normal,,0,-0.042733264201246235,-0.01344898676607953,False
2020-12-02 17:40:23.223,9691.196347,161.519939,2.828308,4.861586,60.316258,21.992598,7.942428,8.405728,7.403734,8.772213,12.086998,8.87191,7.847572,9.12009,6.992142,6.900716,0.043771,0.034824,0.101134,0.040149,0.038355,0.783521,0.04627,0.053027,0.230205,0.053487,0.013754,0.016054,0.013186,0.013435,0.012769,0.014317,0.012972,0.011702,0.013964,0.014134,362.28539,178.052504,230.949411,269.620329,8.44592,6.689595,10.514918,11.197362,3.175543,3.074224,6.076517,7.295322,0,Normal,,0,-0.04468815800864845,-0.01344898676607953,False
2020-12-02 17:40:27.623,9640.626718,160.677112,2.996991,4.848316,60.734746,21.992176,6.251282,6.714422,5.736294,5.928612,10.423777,7.017568,6.389986,7.387713,6.678639,7.413671,0.049992,0.068687,0.091438,0.053051,0.036309,0.278288,0.027469,0.026227,0.033927,0.022537,0.014573,0.016288,0.016416,0.012527,0.013941,0.050616,0.013057,0.01529,0.015165,0.011072,298.238702,167.415109,218.731664,218.883001,9.183734,7.036601,11.097395,11.88559,3.139965,3.016003,6.019192,7.160381,0,Normal,,0,-0.0396832192122083,-0.01344898676607953,False
2020-12-02 17:40:32.111,9650.009254,160.833488,3.003356,4.84958,61.094291,21.986548,6.018323,7.71543,6.292735,7.627806,12.025234,8.658881,8.87396,9.987877,8.797632,9.890747,0.05496,0.052991,0.107959,0.057552,0.045383,0.779568,0.041149,0.047506,0.230735,0.051728,0.013594,0.014293,0.016558,0.014891,0.012143,0.011546,0.010646,0.010767,0.011199,0.013895,355.735415,189.684003,257.368262,245.060323,8.736297,6.718458,10.686587,11.574222,3.182459,3.082996,6.085304,7.334593,0,Normal,,0,-0.05914024056510392,-0.01344898676607953,False
2020-12-02 17:40:36.428,9640.949512,160.682492,1.956251,4.936146,61.360543,21.987185,6.800653,7.93567,5.833878,7.099267,13.043066,8.915907,8.29819,10.137272,8.991512,8.730129,0.073278,0.087528,0.10449,0.067828,0.050333,0.900137,0.045066,0.053864,0.226601,0.05311,0.015071,0.015251,0.014269,0.013172,0.011603,0.037598,0.011084,0.01235,0.012553,0.011652,353.831986,189.994024,253.096199,228.758023,9.48207,6.770024,10.587919,11.25876,2.996963,2.9408,5.686828,6.751145,0,Normal,,0,-0.05141961928492855,-0.01344898676607953,False
2020-12-02 17:40:40.823,9581.089566,159.684826,2.694636,4.880226,61.612216,22.004986,6.273939,9.251097,6.312975,8.393974,13.76903,10.36664,9.742499,11.251935,9.445972,9.249774,0.092533,0.081751,0.124414,0.091634,0.064723,0.939512,0.06432,0.078714,0.239577,0.069682,0.017853,0.016304,0.019137,0.015775,0.016199,0.073823,0.017266,0.015492,0.022446,0.013344,378.933664,196.167063,260.791357,237.760549,11.190121,7.785173,12.337964,13.378928,3.41312,3.272036,6.440547,7.625449,0,Normal,,0,-0.0443461014617329,-0.01344898676607953,False
2020-12-02 17:40:45.222,9589.838557,159.830643,2.716914,4.867272,61.951325,22.000665,6.27513,7.777739,4.797068,7.045951,12.676911,9.296968,9.126474,9.726331,9.7548,9.940985,0.100982,0.098177,0.115847,0.079927,0.059991,0.862446,0.056585,0.045155,0.196511,0.041529,0.024091,0.025777,0.022631,0.074992,0.021189,0.035057,0.022534,0.053388,0.019794,0.034784,369.651094,192.545776,259.525265,240.542464,10.884616,7.535495,11.751596,12.729035,3.410166,3.257622,6.343012,7.611733,0,Normal,,0,-0.053820748101447546,-0.01344898676607953,False
2020-12-02 17:40:49.699,9532.387215,158.87312,2.694636,4.873275,62.20935,21.992601,6.23072,7.842506,4.873801,7.272664,13.098588,8.052518,7.185396,6.74321,6.818928,6.396837,0.083772,0.095862,0.120614,0.070564,0.053611,0.90447,0.070236,0.069051,0.304155,0.069367,0.018061,0.019377,0.020951,0.014638,0.015646,0.06726,0.015218,0.014094,0.022004,0.015293,381.466811,189.603881,264.724027,246.271018,11.265381,8.28024,13.341332,14.583969,3.681323,3.466725,6.910148,8.200997,0,Normal,,0,-0.06195469419357702,-0.01344898676607953,False
2020-12-02 17:40:54.242,9601.552909,160.025882,2.691453,4.875803,62.464064,21.997794,5.756666,7.554152,4.604877,6.642073,12.612227,7.896277,7.002514,6.220846,7.118797,6.623226,0.086708,0.090804,0.16648,0.090975,0.059906,1.016452,0.078201,0.071994,0.308223,0.06348,0.016083,0.017621,0.020556,0.013791,0.012582,0.086397,0.013736,0.0131,0.026834,0.011762,363.635294,209.74844,250.508351,244.137134,12.016051,7.956981,11.660897,12.447458,3.401947,3.228415,6.442758,7.62208,0,Normal,,0,-0.06584420673681923,-0.01344898676607953,False
2020-12-02 17:40:58.626,9581.518919,159.691982,2.662809,4.871695,62.753302,21.988028,6.254914,7.627373,4.574842,6.788742,12.464522,8.272942,8.354993,8.161105,8.349593,7.537986,0.067287,0.059648,0.124309,0.079421,0.0483,0.931194,0.061187,0.065511,0.289724,0.076235,0.014208,0.013339,0.015243,0.018016,0.014942,0.073605,0.012819,0.012476,0.025999,0.013351,347.2697,203.884708,247.638514,238.750825,10.230648,7.159589,10.756785,11.31454,3.136793,2.944401,5.807225,6.86861,0,Normal,,0,-0.08139016241392505,-0.01344898676607953,False
2020-12-02 17:41:03.025,9533.770124,158.896169,2.131299,4.916558,63.019094,22.024697,4.723993,6.232454,3.682365,5.027143,9.892808,7.779715,6.905682,7.242505,7.814114,8.186652,0.088286,0.056561,0.123266,0.0684,0.062393,0.830211,0.054077,0.046523,0.229459,0.044796,0.014306,0.014868,0.017664,0.014826,0.014291,0.054817,0.013762,0.010238,0.020488,0.011485,353.737029,206.576913,251.984076,243.787184,9.894471,6.953665,11.364448,12.070513,3.22626,3.021938,6.006816,7.200422,0,Normal,,0,-0.08360972547978174,-0.01344898676607953,False
2020-12-02 17:41:07.423,9482.741703,158.045695,2.713732,4.870116,63.20823,21.99597,5.339058,6.592982,4.067279,5.776456,11.719431,8.818426,7.931804,8.827805,8.428706,8.325621,0.110318,0.100009,0.144908,0.088059,0.060988,0.952118,0.04943,0.045215,0.23478,0.036697,0.016804,0.017216,0.017452,0.013786,0.012735,0.012994,0.012001,0.012756,0.011681,0.012868,370.298477,188.3808,252.104675,231.855738,10.842648,7.632938,12.003035,12.896119,3.265385,3.109516,6.083561,7.17369,0,Normal,,0,-0.07438480233545486,-0.01344898676607953,False
2020-12-02 17:41:11.833,9502.424857,158.373748,2.615068,4.878646,63.454016,21.980662,4.129774,4.943596,3.57257,4.669329,8.933814,6.691718,6.000957,7.398766,7.426425,7.945534,0.061828,0.060666,0.090947,0.06055,0.04161,0.683414,0.044321,0.043717,0.219093,0.037993,0.014378,0.013952,0.015,0.013932,0.013441,0.054743,0.013032,0.013221,0.021828,0.011709,302.70538,181.882043,249.365828,243.434708,9.179817,6.86881,11.27569,12.327631,3.1565,3.00641,6.00554,7.143278,0,Normal,,0,-0.07140064453480421,-0.01344898676607953,False
2020-12-02 17:41:16.283,9485.035664,158.083928,2.529136,4.883069,63.737352,21.992705,4.842633,6.164006,3.78925,5.631419,10.413773,8.789285,7.457304,8.947522,8.361249,9.869897,0.058738,0.05473,0.113595,0.046322,0.036411,0.810689,0.049221,0.034668,0.171332,0.033524,0.012195,0.013715,0.015717,0.013099,0.009496,0.064301,0.012018,0.01122,0.024506,0.011761,333.078307,204.453088,265.257603,258.058685,9.381349,6.919911,11.302706,12.378368,3.146367,3.015869,5.968742,7.179697,0,Normal,,0,-0.07689704642430639,-0.01344898676607953,False
2020-12-02 17:41:20.631,9476.127994,157.935467,3.092472,4.844525,63.987494,21.984198,4.055438,5.122179,2.875744,3.981464,7.925997,6.472072,5.346491,6.267262,6.397726,7.369154,0.063858,0.069653,0.117095,0.058123,0.054776,0.69502,0.049608,0.033643,0.224358,0.043147,0.013215,0.01366,0.018463,0.013639,0.01255,0.05751,0.01404,0.011468,0.02409,0.010778,308.895779,192.791262,249.41091,249.288689,8.951188,6.452255,10.685363,11.741134,3.122427,2.942595,5.913265,7.001549,0,Normal,,0,-0.09102819990711664,-0.01344898676607953,False
2020-12-02 17:41:25.022,9464.489632,157.741494,2.799664,4.866009,64.263522,22.023897,6.268831,7.172812,3.863166,6.571054,11.13191,9.053533,7.817653,9.143359,8.545823,10.047549,0.071141,0.048803,0.12925,0.0536,0.040012,0.873614,0.042633,0.045699,0.249303,0.044377,0.014205,0.013008,0.016032,0.011588,0.01164,0.069358,0.011217,0.012407,0.024732,0.011149,341.07283,201.470448,266.675485,255.554072,9.310977,6.696967,10.989851,11.819703,3.101252,2.972948,5.772077,6.954038,0,Normal,,0,-0.10004215024884833,-0.01344898676607953,False
2020-12-02 17:41:29.423,9461.584296,157.693072,3.028818,4.800294,64.513432,22.030385,5.786359,7.212172,3.221672,5.572106,11.093355,8.568725,7.214958,7.704954,8.806572,9.346434,0.045473,0.051047,0.115933,0.047883,0.030508,0.759003,0.039003,0.039188,0.21704,0.041307,0.018807,0.023144,0.020753,0.069999,0.020606,0.032804,0.020658,0.052055,0.019858,0.034513,354.512764,195.840848,261.323355,251.747279,9.090455,6.786347,11.1686,12.106965,3.285246,3.171819,6.195868,7.440286,0,Normal,,0,-0.0872938116266262,-0.01344898676607953,False
2020-12-02 17:41:33.825,9442.248605,157.37081,1.870319,4.925088,64.714737,22.012937,4.178171,4.856907,2.001959,3.493839,7.122752,6.260508,4.47704,4.892462,6.188948,6.159871,0.061065,0.145583,0.049405,0.623933,0.046347,0.238349,0.040256,0.439843,0.04426,0.258795,0.010002,0.01082,0.00836,0.011088,0.008714,0.009942,0.010106,0.007659,0.008848,0.00767,254.578662,195.318962,238.759356,251.61074,8.219873,6.348194,10.658238,11.548075,3.089666,3.026327,5.953789,7.081956,0,Normal,,0,-0.0771609767019601,-0.01344898676607953,False
2020-12-02 17:41:38.225,9424.250301,157.070838,2.790116,4.88844,64.907049,21.986963,3.731643,4.264851,2.169848,3.377486,7.54327,6.844272,4.705149,4.823715,5.816111,7.130377,0.045679,0.061213,0.126247,0.071721,0.037483,0.827126,0.031924,0.036982,0.237665,0.049615,0.011841,0.008748,0.010037,0.008531,0.009681,0.011566,0.011982,0.011607,0.011823,0.011394,262.254783,216.761358,239.523763,248.352592,9.57758,6.826082,11.343337,12.24752,3.288095,3.124627,6.218162,7.370342,0,Normal,,0,-0.06168443376537425,-0.01344898676607953,False
2020-12-02 17:41:42.628,9412.978989,156.882983,2.414559,4.894127,65.155838,22.026393,3.471082,2.253984,2.742655,1.849592,4.686625,3.738663,2.049758,2.120124,3.393551,4.04271,0.0525,0.049449,0.1122,0.05156,0.04349,0.816782,0.037853,0.036295,0.230572,0.042953,0.016369,0.014298,0.012421,0.014499,0.012055,0.010557,0.013341,0.013095,0.015855,0.014447,172.030368,182.317376,253.742912,261.87366,8.983206,6.568942,10.978074,11.82237,2.949002,2.850979,5.605898,6.706925,0,Normal,,0,-0.05864630374277513,-0.01344898676607953,False
2020-12-02 17:41:47.027,9361.005125,156.016752,2.742376,4.866956,65.394579,22.010769,2.415769,1.963846,3.23969,1.622446,4.026578,3.332345,1.361527,1.899961,1.517234,3.556181,0.056998,0.059543,0.116941,0.060718,0.052377,0.760036,0.041585,0.035148,0.243611,0.045451,0.021687,0.026843,0.018874,0.072695,0.020404,0.031834,0.018306,0.037257,0.019185,0.021061,163.27244,147.942029,263.9374,335.281638,9.637297,7.382723,12.317144,13.830905,3.416256,3.297021,6.533296,7.828317,0,Normal,,0,-0.05451953381823005,-0.01344898676607953,False
2020-12-02 17:41:51.423,9350.339434,155.838991,2.102655,4.907396,65.659327,22.029085,2.316317,1.676462,2.972551,1.832604,4.080268,2.57902,0.972306,1.597651,1.608134,2.910262,0.095494,0.150095,0.069276,0.845131,0.055745,0.256045,0.054223,0.477987,0.054481,0.213585,0.022963,0.025026,0.021732,0.073813,0.019521,0.030436,0.021579,0.058513,0.020857,0.033428,139.637329,132.818721,255.310725,299.488421,10.674677,7.734028,13.059331,14.650337,3.557201,3.441396,6.721763,8.045232,0,Normal,,0,-0.054357972465341686,-0.01344898676607953,False
2020-12-02 17:41:55.825,9343.030026,155.717167,2.93652,4.857162,65.826988,22.017651,2.94455,2.01811,4.337846,2.567557,4.220242,3.004725,1.248468,1.26721,1.42507,2.524217,0.135289,0.119338,0.184374,0.103935,0.082944,0.909006,0.067257,0.048101,0.253953,0.067696,0.021483,0.017281,0.026845,0.018127,0.015005,0.032,0.014899,0.013239,0.015258,0.013107,130.061335,105.751578,224.12782,247.625234,12.397143,8.471309,13.754013,15.713895,3.755853,3.568409,7.093361,8.541395,0,Normal,,0,-0.05075161748712642,-0.01344898676607953,False
2020-12-02 17:42:00.223,9343.074075,155.717901,3.032001,4.844525,66.025527,22.018946,3.676272,1.874537,4.300894,2.862635,4.520676,3.231025,1.288154,1.237592,1.427518,2.500325,0.122749,0.125707,0.181853,0.09721,0.10482,0.8982,0.052676,0.052303,0.264617,0.045303,0.018529,0.017936,0.022389,0.018018,0.018548,0.057388,0.01402,0.014899,0.022183,0.014299,136.088055,106.967452,227.748471,264.580601,12.394709,8.115918,13.1868,14.748512,3.559379,3.344372,6.625607,7.87486,0,Normal,,0,-0.05739935599858803,-0.01344898676607953,False
2020-12-02 17:42:04.623,9335.961466,155.599358,2.713732,4.868852,66.207364,22.011496,3.605637,1.835545,3.896869,2.555471,3.304949,2.918489,1.692243,1.399329,1.13054,2.858754,0.077452,0.079717,0.115772,0.061494,0.050502,0.800577,0.039811,0.03911,0.258222,0.038199,0.014552,0.014222,0.018279,0.01429,0.013962,0.066612,0.012969,0.009914,0.022997,0.013664,121.91745,93.644516,209.742549,238.860716,9.672974,6.923307,10.932163,12.033785,3.205575,3.096309,6.083214,7.236286,0,Normal,,0,-0.05324649906370016,-0.01344898676607953,False
2020-12-02 17:42:09.028,9313.871686,155.231195,1.889415,4.926668,66.497894,22.019665,3.550929,1.63965,4.023472,2.614344,3.470963,2.999118,1.738918,1.048536,0.799428,2.183705,0.064253,0.061162,0.116977,0.054852,0.049828,0.741084,0.030069,0.041284,0.223923,0.029916,0.011163,0.010548,0.016627,0.012085,0.009937,0.059242,0.00798,0.011396,0.025396,0.010774,105.603505,73.792976,165.69303,179.270779,8.995443,6.563622,10.213105,11.166754,2.981466,2.882853,5.648506,6.72484,0,Normal,,0,-0.05245169924404813,-0.01344898676607953,False
2020-12-02 17:42:13.424,9342.301501,155.705025,2.646895,4.877066,66.700801,22.003765,3.621133,1.822373,4.208672,2.681891,3.202679,3.27754,2.756709,1.792254,2.00257,2.467978,0.066633,0.045188,0.127508,0.044192,0.043882,0.785704,0.033508,0.034944,0.259514,0.045176,0.012727,0.011712,0.015086,0.011664,0.010092,0.061096,0.010928,0.009889,0.01788,0.00992,106.276027,70.949846,157.701113,175.848034,8.455781,6.407936,9.485684,10.011732,2.788328,2.68699,5.259523,6.303376,0,Normal,,0,-0.04922838879062974,-0.01344898676607953,False
2020-12-02 17:42:17.824,9306.154201,155.10257,2.879232,4.861901,66.860016,21.999595,3.557956,1.50663,4.015001,2.478193,3.259171,3.095844,2.432989,1.395485,1.543604,2.285385,0.056959,0.042388,0.10308,0.050802,0.033684,0.671258,0.035706,0.046396,0.249276,0.052244,0.012798,0.011921,0.014474,0.011849,0.01075,0.037048,0.012541,0.010348,0.011906,0.010049,92.993135,63.832252,142.318547,160.795554,8.52935,6.596364,10.478189,11.273696,2.944869,2.879862,5.622289,6.725707,0,Normal,,0,-0.06036180152369053,-0.01344898676607953,False
2020-12-02 17:42:22.225,9291.862187,154.86437,2.716914,4.869168,67.03814,21.993573,2.691952,1.989233,4.515498,3.00514,3.114665,3.101186,2.584511,1.890329,1.699927,2.267839,0.065826,0.041937,0.109165,0.038575,0.04633,0.757722,0.030119,0.037723,0.251947,0.042291,0.011777,0.013975,0.011237,0.013317,0.011831,0.012343,0.01186,0.011642,0.012474,0.011199,71.99243,33.154942,97.703229,89.988821,8.666467,6.451473,9.541997,9.936161,2.925538,2.822917,5.495684,6.569506,0,Normal,,0,-0.06078956333704455,-0.01344898676607953,False
2020-12-02 17:42:26.633,9244.479058,154.074651,2.726462,4.868536,67.240222,22.024554,2.45455,1.875852,3.890794,2.790243,2.441609,2.663548,1.966585,1.248897,1.122039,1.766482,0.083651,0.056345,0.102924,0.048317,0.041148,0.643679,0.034462,0.037668,0.108067,0.026802,0.006539,0.005897,0.006856,0.006351,0.008193,0.007042,0.006172,0.006498,0.009146,0.006283,63.309474,30.890871,84.351381,89.517468,8.335382,6.066139,9.590097,10.188045,2.936954,2.83551,5.535983,6.640822,0,Normal,,0,-0.05961563352375443,-0.01344898676607953,False
2020-12-02 17:42:31.026,9222.528426,153.708807,2.809212,4.864429,67.470647,22.029836,3.539566,1.432842,4.090064,2.789867,2.922241,3.581016,2.662709,1.482752,1.627249,2.08774,0.05668,0.057168,0.109415,0.050423,0.052548,0.752177,0.031917,0.05269,0.249778,0.049727,0.013432,0.01215,0.013719,0.010803,0.011271,0.061069,0.011108,0.011461,0.023371,0.012359,72.047242,33.927479,91.365727,88.888475,8.47324,6.231622,9.453571,9.916907,2.83843,2.760994,5.392555,6.449499,0,Normal,,0,-0.059592232545271795,-0.01344898676607953,False
2020-12-02 17:42:35.464,9227.627135,153.793786,2.860135,4.857794,67.679199,22.026925,3.460521,1.327074,3.625275,2.284718,2.146177,3.226015,2.056519,1.4239,1.831187,2.014484,0.065355,0.051394,0.098146,0.049163,0.047864,0.635795,0.033892,0.047442,0.215473,0.04708,0.014801,0.010508,0.009859,0.011492,0.010079,0.012614,0.009701,0.009967,0.010773,0.012705,65.436432,30.009593,78.279195,87.692193,8.194828,6.020168,9.634393,10.505322,2.831989,2.697297,5.282339,6.336573,0,Normal,,0,-0.0686247961941272,-0.01344898676607953,False
2020-12-02 17:42:39.824,9196.734737,153.278912,2.650078,4.883701,67.885006,22.016766,3.005626,2.109224,4.011277,2.938192,2.962898,3.624671,2.285548,1.465613,1.9127,2.195065,0.0778,0.132074,0.05575,0.770552,0.048257,0.272386,0.050083,0.513919,0.03712,0.235489,0.016017,0.019045,0.014965,0.065708,0.017754,0.020089,0.014272,0.024855,0.01683,0.015633,72.710211,35.596436,97.853677,92.351757,8.865241,6.536461,9.826814,10.552498,2.909789,2.84316,5.553543,6.652674,0,Normal,,0,-0.07061605473804522,-0.01344898676607953,False
2020-12-02 17:42:44.225,9116.039761,151.933996,2.564145,4.879594,68.07289,22.00951,3.406524,1.062119,3.923674,1.74237,2.493616,2.702196,2.116176,1.125194,1.38897,1.870151,0.089211,0.14452,0.058718,0.607391,0.04348,0.203545,0.041639,0.252336,0.031552,0.065511,0.013437,0.015687,0.012917,0.015873,0.016114,0.014174,0.014778,0.014216,0.015869,0.013125,65.71748,33.08564,90.184357,90.989635,8.733943,6.536783,10.50754,11.470452,3.146147,3.108738,6.08369,7.3091,0,Normal,,0,-0.07160541045525215,-0.01344898676607953,False
2020-12-02 17:42:48.625,9083.033124,151.383885,2.086742,4.909292,68.277553,22.035907,2.09157,1.543377,3.757653,2.696079,2.797813,3.466275,2.480484,1.817288,1.704974,2.686422,0.116894,0.167094,0.079388,0.876849,0.053518,0.329494,0.051922,0.631609,0.040694,0.362443,0.020017,0.017175,0.019448,0.018624,0.017286,0.018737,0.015966,0.019544,0.017512,0.015259,71.808257,36.711375,101.61847,89.653489,10.131439,6.904095,10.48269,11.101392,3.195165,3.060247,5.966156,7.09667,0,Normal,,0,-0.06629257663103916,-0.01344898676607953,False
2020-12-02 17:42:53.185,9061.437457,151.023958,2.322261,4.894127,68.503883,22.017887,3.241163,1.109255,3.7401,2.007846,2.797953,2.787463,2.124962,1.453111,1.422733,2.166266,0.08478,0.068025,0.120425,0.040529,0.034223,0.139405,0.026275,0.021358,0.024108,0.020767,0.014552,0.012403,0.01605,0.012471,0.013982,0.055334,0.011961,0.01094,0.024691,0.011534,67.917882,34.657462,95.66004,89.902521,9.415776,7.092885,10.983136,11.819748,3.151307,3.039506,5.978649,7.14374,0,Normal,,0,-0.07824529272751679,-0.01344898676607953,True
2020-12-02 17:42:57.632,9037.910344,150.631839,2.258607,4.900446,68.725356,22.031449,2.820626,1.98039,2.909244,1.899833,2.509687,3.644898,1.960793,1.163398,1.566731,1.645517,0.081205,0.088986,0.127193,0.037525,0.028055,0.088205,0.022773,0.02224,0.019687,0.018144,0.021367,0.018267,0.017532,0.060516,0.021072,0.026325,0.018018,0.045186,0.018899,0.03029,65.812859,34.273926,89.361869,88.802139,9.013033,6.421597,9.912969,10.732511,3.003595,2.908707,5.690835,6.879585,0,Normal,,0,-0.07278059917231883,-0.01344898676607953,True
2020-12-02 17:43:02.028,8968.180798,149.46968,2.783751,4.865377,68.906106,22.024664,2.792339,2.074554,3.510783,2.341372,2.862369,3.785725,2.07365,1.140366,1.835856,2.094554,0.10189,0.158912,0.087381,0.811683,0.055819,0.203147,0.047864,0.238965,0.028727,0.103174,0.021976,0.023204,0.019571,0.073135,0.018253,0.026777,0.019449,0.028185,0.01613,0.01949,72.767205,38.4278,97.745365,91.770234,10.72367,7.219624,11.293933,12.14457,3.349948,3.087831,6.321943,7.496295,0,Normal,,0,-0.07608700212745534,-0.01344898676607953,True
2020-12-02 17:43:06.530,8900.80267,148.346711,2.942885,4.854635,69.098988,22.044877,2.054491,1.901734,3.208715,2.320896,2.656858,3.424174,1.6452,0.576601,1.27669,1.108207,0.101312,0.150687,0.0585,0.677865,0.050773,0.157234,0.036988,0.101025,0.031205,0.035501,0.014,0.01038,0.011049,0.011096,0.012968,0.009855,0.010697,0.009842,0.012105,0.010484,63.58158,34.421986,92.424836,90.844922,9.173211,6.60304,10.15667,10.93467,3.049594,2.918931,5.771303,6.971881,0,Normal,,0,-0.07742598900840425,-0.01344898676607953,True
2020-12-02 17:43:10.827,8832.095248,147.201587,2.665991,4.872011,69.355112,22.035303,3.313221,2.01982,3.258061,2.739881,3.757608,3.173194,1.263127,1.619232,1.153239,1.413769,0.090911,0.088267,0.144263,0.076823,0.064205,0.804973,0.052533,0.036243,0.279375,0.05936,0.011304,0.011999,0.018443,0.013899,0.012018,0.065737,0.011837,0.01088,0.026352,0.012335,77.866795,39.162019,100.509626,93.637896,10.04857,6.654535,10.021207,10.466544,2.998684,2.827568,5.651254,6.798972,0,Normal,,0,-0.07251637316068316,-0.01344898676607953,True
2020-12-02 17:43:19.625,6821.437149,113.690619,0.609974,4.736791,70.63551,22.049522,0.016191,0.009333,0.029356,0.018817,0.019884,0.016794,0.019878,0.749275,0.029487,0.040951,0.094212,0.091196,0.081137,0.07202,0.085868,0.07852,0.072747,0.073062,0.066277,0.09115,0.018524,0.016453,0.016697,0.017614,0.019234,0.017525,0.01547,0.018648,0.013563,0.018676,41.329307,63.204047,184.516906,175.465437,15.252195,13.011917,23.104887,26.662994,5.810918,5.845261,11.665301,13.962732,0,Normal,,0,-0.07546150101497828,-0.01344898676607953,True
2020-12-02 17:51:24.428,6198.087563,103.301459,1.26879,2.398872,44.096675,22.065492,0.178572,0.013207,0.02667,0.017205,0.020311,0.047849,0.075822,0.032484,0.092678,0.05498,0.015504,0.012382,0.009145,0.008856,0.008936,0.056651,0.009301,0.012513,0.01456,0.019578,0.012174,0.005906,0.003523,0.003798,0.003007,0.00229,0.002485,0.002465,0.002433,0.002329,17.546686,18.966226,78.881943,54.827426,6.987002,2.862551,3.948352,4.111681,2.30596,1.387057,2.742898,3.279271,0,Normal,,0,-0.05084005512740852,-0.01344898676607953,True
2020-12-02 17:52:52.434,8016.309809,133.605163,0.893233,4.742478,38.203864,22.098643,0.108545,0.084756,0.012153,0.159875,0.57066,0.354994,0.378753,0.435952,0.080237,0.399686,0.020164,0.019443,0.031355,0.017132,0.022123,0.291378,0.01301,0.014661,0.064755,0.023924,0.004955,0.004504,0.004258,0.004727,0.004911,0.004425,0.004768,0.021916,0.004642,0.004054,11.056989,11.589371,61.391005,39.642877,3.84203,3.008633,5.308202,5.729115,1.895151,1.86482,3.690216,4.419586,0,Normal,,0,-0.016748898435418047,-0.01344898676607953,False
2020-12-02 17:55:09.231,10251.351534,170.855859,3.235693,4.795871,42.175166,22.154184,7.260572,9.28899,4.458957,8.540736,5.062324,4.796434,6.058587,7.525504,8.809855,11.065547,0.138709,0.110161,0.176004,0.090014,0.088853,0.812078,0.065903,0.057566,0.21711,0.061439,0.020441,0.017236,0.022379,0.017233,0.018191,0.06496,0.015389,0.01605,0.025314,0.016144,407.83451,233.910378,329.489776,291.089586,12.595558,8.472724,13.480935,14.606896,3.735397,3.585056,7.121663,8.477982,0,Normal,,0,-0.05347215294952434,-0.01344898676607953,True
2020-12-02 17:55:57.837,10108.247841,168.470797,2.545049,4.843577,48.575606,22.21324,3.372038,4.619886,2.314028,8.714662,7.62345,6.875521,6.211853,5.565878,6.217154,7.718728,0.02808,0.020836,0.101471,0.063262,0.036303,0.671539,0.052962,0.043314,0.16223,0.051932,0.014629,0.01576,0.015513,0.016887,0.015439,0.014783,0.014139,0.015791,0.013826,0.012289,280.200226,196.372189,311.844689,285.299857,7.110642,5.722142,9.0274,9.51782,2.915887,2.850972,5.530449,6.592315,0,Normal,,0,-0.018834315976977156,-0.01344898676607953,True
2020-12-02 17:56:02.232,10095.606798,168.260113,3.012905,4.807245,49.056727,22.214591,3.33527,3.746979,1.709435,6.215228,6.669436,4.57312,6.247845,5.801358,6.13242,8.99658,0.067376,0.043866,0.084786,0.047951,0.045712,0.504587,0.053833,0.042228,0.176896,0.058974,0.014644,0.013127,0.015035,0.013655,0.01599,0.041704,0.013551,0.014142,0.022677,0.016138,279.704783,191.658932,263.228736,243.493631,7.173924,5.770343,9.485654,10.290788,2.87647,2.776911,5.402952,6.434442,0,Normal,,0,-0.02514215130292763,-0.01344898676607953,True
2020-12-02 17:56:06.632,10089.407158,168.156786,2.487761,4.841682,49.602919,22.208749,5.274503,7.111908,2.370074,9.747256,8.953901,5.902326,7.746174,7.550697,8.801647,12.300046,0.0401,0.035405,0.113658,0.055182,0.040115,0.605537,0.048925,0.041349,0.208911,0.056301,0.010511,0.009896,0.009813,0.011611,0.00811,0.008821,0.009784,0.010187,0.009067,0.01018,337.752884,217.212107,284.0227,261.420157,7.164732,5.742581,9.000734,9.445129,2.763998,2.677784,5.310864,6.33147,0,Normal,,0,-0.019467898087061286,-0.01344898676607953,True
2020-12-02 17:56:11.034,10025.206445,167.086774,2.382732,4.848,50.078362,22.210569,5.705938,7.179526,3.117339,8.931103,11.704645,6.142321,7.585118,7.141395,7.52025,10.470733,0.045485,0.047818,0.110272,0.045165,0.048515,0.775877,0.047735,0.063211,0.239386,0.050753,0.009816,0.008916,0.009912,0.00867,0.009972,0.009335,0.011488,0.010394,0.010216,0.016863,346.111234,200.107557,287.99043,246.662246,8.167414,6.309372,9.29706,9.769567,2.822995,2.700851,5.237319,6.296881,0,Normal,,0,-0.019031461058870214,-0.01344898676607953,False
2020-12-02 17:56:15.432,10045.377535,167.422959,2.977895,4.805981,50.560813,22.205687,5.993967,5.292114,1.937269,9.561676,6.535734,3.933054,6.219639,4.775829,6.442806,6.59898,0.029358,0.023522,0.08761,0.045491,0.026413,0.609703,0.033846,0.040154,0.186408,0.036347,0.010868,0.011364,0.011555,0.012988,0.010825,0.011942,0.012388,0.012889,0.01202,0.011294,310.118969,186.91743,283.071966,239.819394,6.297108,4.943636,7.827582,8.284594,2.590061,2.485819,4.911445,5.822268,0,Normal,,0,-0.03969496671074246,-0.01344898676607953,True
2020-12-02 17:56:19.835,9996.473745,166.607896,1.940338,4.876119,51.087357,22.223565,3.71482,4.615263,2.455611,7.326336,8.32768,3.349947,7.69382,5.438593,6.937887,8.20874,0.05524,0.045641,0.076609,0.050234,0.032405,0.532596,0.038467,0.038286,0.172812,0.045595,0.011696,0.009915,0.015109,0.013227,0.012272,0.044816,0.012007,0.010685,0.020045,0.012685,306.673727,193.42554,273.522855,258.09956,7.315569,5.718848,9.269624,10.070957,2.922536,2.800078,5.578566,6.655034,0,Normal,,0,-0.02244283108753342,-0.01344898676607953,True
2020-12-02 17:56:33.033,9985.212915,166.420215,2.876049,4.814827,52.622673,22.208627,3.989676,5.870218,1.995752,9.744976,9.29784,3.201162,7.433738,4.28021,6.917847,6.877177,0.057226,0.055292,0.128881,0.07816,0.055057,0.670897,0.078304,0.064599,0.199465,0.055206,0.012341,0.012312,0.017682,0.013937,0.011855,0.055597,0.011739,0.012087,0.02407,0.014188,333.805508,209.541802,283.149007,244.858347,8.906561,6.580572,10.414624,11.341929,2.901024,2.820457,5.55474,6.672325,0,Normal,,0,-0.015287678391998294,-0.01344898676607953,True
2020-12-02 17:56:50.668,9985.668808,166.427813,2.774203,4.825885,54.210596,22.228292,3.285639,4.411776,2.46139,8.722053,7.299044,6.275336,6.270057,5.118076,5.253045,6.796215,0.033289,0.03006,0.097854,0.048914,0.020926,0.620114,0.049628,0.048834,0.137418,0.042648,0.009842,0.008178,0.007051,0.008409,0.008,0.008222,0.009155,0.007785,0.007996,0.007401,278.764407,193.184326,314.530234,277.123034,7.072446,5.583776,9.434408,10.251382,2.925413,2.821003,5.643666,6.74831,0,Normal,,0,-0.01641281136675532,-0.01344898676607953,True
2020-12-02 17:56:55.034,9962.776934,166.046282,2.646895,4.833467,54.689673,22.255378,5.716297,6.350613,2.887817,7.757499,8.480363,4.054709,6.073979,4.298683,5.233054,5.888077,0.044135,0.033942,0.081906,0.038974,0.027363,0.613635,0.058513,0.045419,0.155384,0.031379,0.011769,0.012345,0.017291,0.011209,0.010829,0.05001,0.010942,0.011979,0.020859,0.012535,418.463043,248.247442,334.661245,301.075738,6.845289,5.376202,9.052777,9.755731,2.727955,2.61566,5.263703,6.291924,0,Normal,,0,-0.016835274365744057,-0.01344898676607953,True
2020-12-02 17:58:27.438,9736.551645,162.275861,2.573693,4.833467,61.446011,22.281434,6.117174,5.888398,4.643903,4.032431,9.259875,4.821368,3.112519,2.719231,3.302771,2.456635,0.071768,0.098965,0.13907,0.071766,0.05146,0.618721,0.033054,0.073267,0.178428,0.03016,0.010914,0.013408,0.011067,0.012026,0.011037,0.011833,0.010629,0.012043,0.011259,0.014401,382.828101,197.16262,260.804838,257.947839,9.991535,7.046592,11.132042,12.191931,3.223238,3.094215,6.120395,7.460036,0,Normal,,0,-0.07267138028731945,-0.01344898676607953,True
2020-12-02 17:58:36.248,9726.022521,162.100375,2.630982,4.871695,61.885759,22.282561,7.082829,9.072899,7.195959,5.120252,11.051323,6.971762,5.247394,4.297862,4.537717,4.283282,0.063486,0.083825,0.094735,0.055958,0.074895,0.617346,0.037422,0.077755,0.180101,0.027983,0.01379,0.010588,0.013375,0.013114,0.011773,0.012409,0.01064,0.013109,0.012897,0.014834,438.380891,232.945656,308.20974,318.181924,8.524768,6.29523,10.158491,11.167542,2.95713,2.912519,5.670387,6.889212,0,Normal,,0,-0.0663145866642012,-0.01344898676607953,True
2020-12-02 17:58:45.037,9641.854452,160.697574,2.567328,4.835995,62.515632,22.271916,5.28161,7.647679,4.536497,5.796614,8.729282,5.118294,3.093625,4.306737,1.991946,1.935249,0.082058,0.094975,0.133528,0.058947,0.068698,0.487246,0.050667,0.078048,0.208566,0.030065,0.013157,0.016758,0.017156,0.013685,0.012126,0.043849,0.012119,0.017038,0.021972,0.012814,432.305592,204.375013,261.774261,249.809749,8.802952,6.587844,10.426603,11.385513,2.980003,2.884472,5.696499,6.78463,0,Normal,,0,-0.08560791192330819,-0.01344898676607953,True
2020-12-02 17:58:49.445,9688.312891,161.471882,2.121751,4.86127,62.796871,22.273121,9.749115,9.09211,7.385671,5.492647,10.97144,7.941397,6.217197,5.345572,5.267638,5.801651,0.053112,0.06773,0.096032,0.039506,0.053993,0.583668,0.039077,0.073984,0.163826,0.031316,0.015601,0.015748,0.01596,0.01642,0.013266,0.015449,0.015546,0.016723,0.017825,0.013245,409.295307,219.143351,311.451556,293.741873,8.229311,6.219792,9.967954,10.559789,2.974431,2.908485,5.698599,6.774585,0,Normal,,0,-0.08472925664581787,-0.01344898676607953,True
2020-12-02 17:59:07.243,9635.337452,160.588958,2.551414,4.845473,63.34284,22.294485,5.268372,6.796246,5.849363,3.19322,7.54065,5.065722,4.686601,2.787395,3.276544,3.176937,0.101689,0.104239,0.116311,0.065061,0.063838,0.655032,0.050969,0.073186,0.230416,0.054047,0.014479,0.013933,0.015901,0.012592,0.01355,0.054612,0.012186,0.011803,0.021751,0.013172,377.007672,198.295552,281.518625,268.144642,9.059309,6.091914,9.379963,9.858023,2.84943,2.669151,5.201324,6.234261,0,Normal,,0,-0.08443025596813392,-0.01344898676607953,True
2020-12-02 17:59:11.640,9665.418049,161.090301,2.446386,4.842629,63.611878,22.293596,5.999025,7.333672,6.704817,3.834441,10.674006,7.961871,6.577254,4.272623,4.17104,3.150184,0.051632,0.045092,0.086116,0.03222,0.031068,0.587768,0.040309,0.042084,0.219997,0.032938,0.009593,0.007506,0.009177,0.008888,0.009788,0.008442,0.01043,0.00937,0.009625,0.00841,397.215624,206.588718,296.783187,334.018159,8.308686,6.29293,10.172113,10.660529,2.959896,2.862365,5.66834,6.8251,0,Normal,,0,-0.09418425313377166,-0.01344898676607953,True
2020-12-02 17:59:16.038,9666.133416,161.102224,2.777385,4.823357,63.799561,22.291893,7.400552,8.116646,7.312984,4.211371,10.68358,7.279275,6.606328,3.789806,4.131212,2.351159,0.078067,0.094118,0.106863,0.062039,0.047867,0.634822,0.050915,0.069592,0.245887,0.056327,0.013151,0.013291,0.015332,0.013235,0.012001,0.053988,0.012659,0.013371,0.024726,0.011961,372.785492,190.145786,246.537294,256.140156,8.951874,6.443394,9.890111,10.690144,2.949634,2.853231,5.535468,6.669587,0,Normal,,0,-0.08557317241307538,-0.01344898676607953,True
2020-12-02 17:59:20.440,9653.865337,160.897756,2.850587,4.813563,63.800441,22.275809,5.502226,5.449607,6.046085,4.433981,7.614008,5.588877,5.426032,2.851552,3.461703,2.883815,0.098068,0.069106,0.119982,0.048114,0.050981,0.621444,0.050576,0.057062,0.209272,0.044292,0.013365,0.012472,0.018813,0.013,0.012496,0.051312,0.011696,0.01263,0.023676,0.011844,345.653032,135.266294,192.846174,269.191591,9.125662,6.879797,10.6684,11.342119,2.956563,2.827617,5.582497,6.675722,0,Normal,,0,-0.08350925601840453,-0.01344898676607953,True
2020-12-02 17:59:29.243,9612.203507,160.203392,2.85377,4.814195,64.152266,22.264056,6.963533,9.457639,9.022881,2.739031,8.694029,7.282347,8.467554,3.884108,5.35145,4.404635,0.057399,0.083955,0.129587,0.075503,0.053927,0.57054,0.026847,0.057432,0.247392,0.074662,0.011996,0.01463,0.017673,0.01349,0.013488,0.046838,0.009715,0.01257,0.02508,0.013055,339.018617,158.624233,222.625581,221.94244,8.7023,6.556161,10.241466,10.973119,2.802195,2.691124,5.24224,6.379392,0,Normal,,0,-0.08934434319689233,-0.01344898676607953,True
2020-12-02 17:59:42.442,9511.378632,158.522977,1.373819,4.913083,64.800822,22.308007,5.993296,8.359579,7.420279,2.869235,8.115008,7.102262,7.736858,3.515816,4.930548,3.12109,0.10093,0.140638,0.160434,0.106456,0.092449,0.599099,0.052008,0.101543,0.24051,0.087169,0.014879,0.015863,0.017272,0.01487,0.014013,0.049237,0.012008,0.013195,0.0228,0.012757,320.565343,141.259614,199.563876,194.173494,9.726507,6.518417,9.598301,10.208079,2.884202,2.751793,5.372972,6.461642,0,Normal,,0,-0.07740121681791534,-0.01344898676607953,True
2020-12-02 17:59:46.840,9534.391412,158.906524,2.484578,4.842945,64.933241,22.280027,6.343307,7.052794,7.209425,3.241345,10.060422,8.803899,8.50424,3.491722,5.477097,4.041146,0.091318,0.137052,0.153369,0.076126,0.115395,0.739327,0.039422,0.107239,0.172534,0.06981,0.013884,0.017149,0.018687,0.011793,0.014776,0.061911,0.012362,0.015784,0.022967,0.011863,354.231368,157.480858,220.499919,209.492487,11.745022,7.315064,10.475994,11.037868,3.264058,3.012912,5.950687,7.135247,0,Normal,,0,-0.06876162796387197,-0.01344898676607953,True
2020-12-02 17:59:51.239,9564.736786,159.41228,2.573693,4.834415,65.013344,22.274852,3.8458,3.420305,4.711042,4.832757,4.157624,2.48984,4.598802,2.781435,2.064878,2.913524,0.045894,0.084801,0.091767,0.053695,0.069837,0.556568,0.040812,0.086152,0.188947,0.04565,0.015024,0.011725,0.017144,0.013474,0.01308,0.012648,0.013578,0.014534,0.015079,0.012801,285.932848,168.823937,216.242711,254.750645,8.863443,6.546437,9.991174,10.567773,3.077725,2.989586,5.8247,6.892177,0,Normal,,0,-0.053643573720403626,-0.01344898676607953,True
2020-12-02 17:59:55.643,9581.095405,159.684923,1.860771,4.880542,65.000348,22.29689,5.007788,5.858247,6.421835,2.62198,5.864641,3.587856,3.987114,1.977391,2.941325,2.952803,0.06811,0.101604,0.113274,0.070675,0.070004,0.408772,0.02812,0.069557,0.174278,0.059644,0.013055,0.014304,0.015695,0.012767,0.013579,0.03554,0.010981,0.013334,0.019356,0.01138,356.107244,182.866335,241.730123,262.236378,7.622368,5.62283,8.654951,9.329813,2.666789,2.608756,5.116121,6.040408,0,Normal,,0,-0.056842789714442565,-0.01344898676607953,True
2020-12-02 18:00:00.039,9576.375486,159.606258,2.60552,4.832204,64.986423,22.26108,6.144966,6.044415,6.213481,2.566751,7.370615,7.196894,8.250074,3.433978,5.661373,5.175083,0.073069,0.085847,0.12423,0.058359,0.060887,0.673611,0.044824,0.088385,0.255777,0.059079,0.014295,0.013761,0.020505,0.012134,0.014074,0.054664,0.011818,0.015395,0.027201,0.012626,290.74295,135.21766,202.750896,201.294058,8.784166,6.345257,9.414605,9.979861,2.983295,2.875471,5.638376,6.675225,0,Normal,,0,-0.051410647282351674,-0.01344898676607953,True
2020-12-02 18:00:04.441,9533.538462,158.892308,2.68827,4.828728,65.181808,22.314419,6.273574,8.27801,5.728342,2.056864,9.265892,7.205928,7.33425,3.546715,5.124475,3.939959,0.073705,0.088628,0.103688,0.050887,0.048047,0.587869,0.038806,0.07386,0.239616,0.059459,0.012448,0.013845,0.015006,0.012282,0.01234,0.047466,0.009673,0.013419,0.025199,0.011035,255.673386,109.318007,191.554091,193.909886,8.534665,6.222599,9.272658,9.918916,2.701586,2.598117,5.174512,6.153179,0,Normal,,0,-0.05395410884554874,-0.01344898676607953,True
2020-12-02 18:00:13.241,9582.595882,159.709931,2.465482,4.843893,65.659443,22.276734,7.743949,6.139395,8.126439,2.771448,9.470764,7.348341,8.72362,3.572455,5.217254,5.41879,0.043591,0.051098,0.126796,0.034186,0.038652,0.609544,0.052295,0.071417,0.265995,0.034206,0.009985,0.009091,0.007839,0.009681,0.009011,0.007319,0.009407,0.009095,0.008084,0.010664,366.952479,161.401926,223.829213,225.419348,8.275084,6.236055,9.037388,9.580283,2.833471,2.73946,5.261433,6.264361,0,Normal,,0,-0.05583029962931463,-0.01344898676607953,True
2020-12-02 18:00:17.641,9583.882124,159.731369,2.872866,4.820514,65.789528,22.274121,5.766914,6.248588,4.355441,3.605815,8.386485,5.462635,5.516005,3.217877,3.571502,3.490998,0.042886,0.046417,0.100276,0.046011,0.057145,0.558158,0.036284,0.067066,0.24924,0.045077,0.013913,0.011932,0.012391,0.010362,0.014825,0.012374,0.012829,0.013331,0.011967,0.013626,372.720513,187.699456,263.863637,261.173806,8.242693,6.100262,9.283086,10.021195,2.971471,2.888169,5.738837,6.880248,0,Normal,,0,-0.050997488301402716,-0.01344898676607953,True
2020-12-02 18:00:22.045,9582.809208,159.713487,2.27452,4.855267,65.745418,22.287638,2.790151,3.368318,6.420797,5.242915,6.241134,3.817788,5.644157,2.980548,3.15822,4.634781,0.054524,0.088181,0.131225,0.063518,0.06223,0.761973,0.029519,0.071426,0.289148,0.055659,0.011784,0.015316,0.020666,0.013175,0.015174,0.061971,0.009776,0.014426,0.02806,0.012522,286.833659,144.481152,196.731081,192.634209,9.37175,6.686047,9.760869,10.249501,3.100149,2.928464,5.782713,6.805575,0,Normal,,0,-0.04248894858021468,-0.01344898676607953,True
2020-12-02 18:00:26.448,9559.152564,159.319209,2.73601,4.824621,65.887574,22.298987,3.632641,3.944776,6.23578,4.598752,5.306518,3.983016,6.025113,2.215898,3.51996,3.721372,0.113359,0.144898,0.166291,0.093709,0.100412,0.631099,0.049511,0.10097,0.269291,0.066549,0.017641,0.01975,0.021785,0.017091,0.015364,0.053041,0.013609,0.015813,0.026864,0.014417,300.783696,150.473811,205.092853,233.918147,10.106948,6.844568,10.817042,11.824592,3.294029,3.147647,6.127816,7.349777,0,Normal,,0,-0.057607049139824396,-0.01344898676607953,True
